window_start,window_end,policy,cost_bps,cagr,buy_hold_cagr,advantage,annual_turnover
1997-05-16,2007-05-23,quarterly,5,0.4991954,0.4066864,0.092509007,0.55650991
1997-05-16,2007-05-23,band 5%,5,0.53962032,0.4066864,0.13293392,1.3583492
1997-06-17,2007-06-22,quarterly,5,0.57902881,0.43781655,0.14121225,0.66650801
1997-06-17,2007-06-22,band 5%,5,0.572189,0.43781655,0.13437244,1.3360134
1997-07-17,2007-07-24,quarterly,5,0.5170083,0.41087144,0.10613686,0.56392258
1997-07-17,2007-07-24,band 5%,5,0.5392126,0.41087144,0.12834116,1.2988908
1997-08-15,2007-08-22,quarterly,5,0.49377362,0.40382486,0.089948768,0.54994875
1997-08-15,2007-08-22,band 5%,5,0.52633639,0.40382486,0.12251154,1.2689566
1997-09-16,2007-09-21,quarterly,5,0.53317821,0.39627431,0.1369039,0.65538387
1997-09-16,2007-09-21,band 5%,5,0.51912629,0.39627431,0.12285198,1.2582614
1997-10-15,2007-10-22,quarterly,5,0.49188349,0.3895712,0.10231229,0.55436828
1997-10-15,2007-10-22,band 5%,5,0.51053821,0.3895712,0.12096701,1.2588241
1997-11-13,2007-11-20,quarterly,5,0.48039117,0.4042692,0.076121969,0.52176991
1997-11-13,2007-11-20,band 5%,5,0.51554643,0.4042692,0.11127723,1.2145462
1997-12-15,2007-12-20,quarterly,5,0.54476222,0.43286462,0.1118976,0.63060119
1997-12-15,2007-12-20,band 5%,5,0.53321247,0.43286462,0.10034785,1.1920269
1998-01-15,2008-01-23,quarterly,5,0.45288667,0.36014528,0.092741389,0.53823535
1998-01-15,2008-01-23,band 5%,5,0.46736405,0.36014528,0.10721877,1.1962428
1998-02-17,2008-02-22,quarterly,5,0.41715882,0.34378448,0.073374345,0.5227105
1998-02-17,2008-02-22,band 5%,5,0.44773395,0.34378448,0.10394948,1.1453794
1998-03-18,2008-03-25,quarterly,5,0.43402471,0.32236372,0.11166099,0.62346083
1998-03-18,2008-03-25,band 5%,5,0.42405294,0.32236372,0.10168923,1.1718926
1998-04-17,2008-04-23,quarterly,5,0.40658809,0.32208274,0.084505344,0.53411836
1998-04-17,2008-04-23,band 5%,5,0.4181746,0.32208274,0.096091858,1.1619749
1998-05-18,2008-05-22,quarterly,5,0.39810287,0.32973388,0.068368993,0.53494511
1998-05-18,2008-05-22,band 5%,5,0.4279034,0.32973388,0.098169517,1.1926457
1998-06-17,2008-06-23,quarterly,5,0.40096748,0.3166435,0.084323981,0.60333422
1998-06-17,2008-06-23,band 5%,5,0.39235545,0.3166435,0.075711948,1.1250768
1998-07-17,2008-07-23,quarterly,5,0.31849156,0.26787119,0.050620377,0.51457602
1998-07-17,2008-07-23,band 5%,5,0.33086691,0.26787119,0.062995729,1.1377824
1998-08-17,2008-08-21,quarterly,5,0.30323903,0.26678066,0.036458373,0.5048704
1998-08-17,2008-08-21,band 5%,5,0.33371601,0.26678066,0.066935347,1.1258365
1998-09-16,2008-09-22,quarterly,5,0.35487043,0.25820368,0.096666749,0.59772589
1998-09-16,2008-09-22,band 5%,5,0.34469294,0.25820368,0.086489262,1.1028972
1998-10-15,2008-10-21,quarterly,5,0.27102861,0.20598261,0.065045997,0.51795112
1998-10-15,2008-10-21,band 5%,5,0.27889318,0.20598261,0.072910563,1.0910335
1998-11-13,2008-11-19,quarterly,5,0.21237423,0.19415444,0.018219786,0.49991167
1998-11-13,2008-11-19,band 5%,5,0.23762295,0.19415444,0.043468503,1.0695233
1998-12-15,2008-12-19,quarterly,5,0.22089654,0.20082499,0.020071556,0.54151772
1998-12-15,2008-12-19,band 5%,5,0.23004867,0.20082499,0.02922368,1.0410486
1999-01-15,2009-01-22,quarterly,5,0.14573333,0.16570005,-0.019966724,0.45940409
1999-01-15,2009-01-22,band 5%,5,0.17195254,0.16570005,0.0062524936,1.0086633
1999-02-17,2009-02-23,quarterly,5,0.18654646,0.17843181,0.0081146465,0.4926468
1999-02-17,2009-02-23,band 5%,5,0.20796885,0.17843181,0.029537042,1.0000839
1999-03-18,2009-03-24,quarterly,5,0.21097567,0.21145811,-0.00048244136,0.52476126
1999-03-18,2009-03-24,band 5%,5,0.21783217,0.21145811,0.0063740641,0.97292994
1999-04-19,2009-04-23,quarterly,5,0.18136567,0.22324902,-0.041883349,0.44253278
1999-04-19,2009-04-23,band 5%,5,0.2089726,0.22324902,-0.014276423,0.9675119
1999-05-18,2009-05-22,quarterly,5,0.19025486,0.19763405,-0.0073791937,0.49030897
1999-05-18,2009-05-22,band 5%,5,0.20730612,0.19763405,0.0096720638,0.94032052
1999-06-17,2009-06-23,quarterly,5,0.21443901,0.20182488,0.012614136,0.5084459
1999-06-17,2009-06-23,band 5%,5,0.22121657,0.20182488,0.019391692,0.92610997
1999-07-19,2009-07-23,quarterly,5,0.19167669,0.20824448,-0.016567791,0.41161997
1999-07-19,2009-07-23,band 5%,5,0.22466415,0.20824448,0.016419668,0.94604372
1999-08-17,2009-08-21,quarterly,5,0.21274262,0.20507507,0.0076675528,0.46935617
1999-08-17,2009-08-21,band 5%,5,0.2347601,0.20507507,0.029685038,0.9344665
1999-09-16,2009-09-22,quarterly,5,0.20704034,0.18821756,0.018822774,0.50051249
1999-09-16,2009-09-22,band 5%,5,0.21279588,0.18821756,0.024578317,0.90869436
1999-10-15,2009-10-21,quarterly,5,0.17976673,0.1999027,-0.020135971,0.41606305
1999-10-15,2009-10-21,band 5%,5,0.20681152,0.1999027,0.0069088271,0.87478662
1999-11-15,2009-11-19,quarterly,5,0.19924076,0.1811641,0.018076665,0.48078624
1999-11-15,2009-11-19,band 5%,5,0.21838461,0.1811641,0.037220513,0.91782539
1999-12-15,2009-12-21,quarterly,5,0.19658708,0.17160288,0.024984196,0.50688384
1999-12-15,2009-12-21,band 5%,5,0.20106855,0.17160288,0.029465672,0.90526217
2000-01-14,2010-01-22,quarterly,5,0.18590605,0.17482201,0.011084045,0.40789585
2000-01-14,2010-01-22,band 5%,5,0.21241951,0.17482201,0.0375975,0.8594019
2000-02-15,2010-02-23,quarterly,5,0.17751612,0.15405779,0.023458326,0.47216143
2000-02-15,2010-02-23,band 5%,5,0.19297055,0.15405779,0.038912757,0.85878021
2000-03-16,2010-03-24,quarterly,5,0.21036981,0.17344813,0.036921673,0.48644892
2000-03-16,2010-03-24,band 5%,5,0.21333783,0.17344813,0.039889698,0.82554598
2000-04-14,2010-04-23,quarterly,5,0.22116507,0.20122774,0.019937324,0.39166584
2000-04-14,2010-04-23,band 5%,5,0.24854739,0.20122774,0.047319648,0.81249203
2000-05-16,2010-05-24,quarterly,5,0.21879494,0.19574141,0.02305353,0.47402292
2000-05-16,2010-05-24,band 5%,5,0.23072309,0.19574141,0.034981686,0.81598754
2000-06-15,2010-06-23,quarterly,5,0.25302176,0.21992425,0.03309751,0.49409295
2000-06-15,2010-06-23,band 5%,5,0.25434627,0.21992425,0.034422024,0.81215532
2000-07-17,2010-07-23,quarterly,5,0.21361547,0.19422986,0.019385609,0.39245065
2000-07-17,2010-07-23,band 5%,5,0.23612981,0.19422986,0.041899949,0.78419834
2000-08-15,2010-08-23,quarterly,5,0.25198367,0.21547008,0.036513585,0.45607971
2000-08-15,2010-08-23,band 5%,5,0.26039034,0.21547008,0.044920256,0.76386094
2000-09-14,2010-09-22,quarterly,5,0.25946802,0.2104054,0.049062618,0.48544384
2000-09-14,2010-09-22,band 5%,5,0.25654184,0.2104054,0.04613644,0.76442301
2000-10-13,2010-10-21,quarterly,5,0.34303928,0.34066703,0.0023722496,0.37416307
2000-10-13,2010-10-21,band 5%,5,0.36039142,0.34066703,0.019724393,0.71124595
2000-11-13,2010-11-19,quarterly,5,0.3426933,0.3411883,0.001505004,0.42213313
2000-11-13,2010-11-19,band 5%,5,0.34968266,0.3411883,0.0084943562,0.69761308
2000-12-13,2010-12-21,quarterly,5,0.38992077,0.37782053,0.012100238,0.44989518
2000-12-13,2010-12-21,band 5%,5,0.38575991,0.37782053,0.0079393802,0.68839358
2001-01-16,2011-01-21,quarterly,5,0.38530062,0.3742494,0.01105122,0.36515699
2001-01-16,2011-01-21,band 5%,5,0.39994628,0.3742494,0.025696878,0.66392551
2001-02-14,2011-02-22,quarterly,5,0.39876341,0.3756233,0.023140118,0.3851821
2001-02-14,2011-02-22,band 5%,5,0.41132024,0.3756233,0.035696942,0.63756962
2001-03-16,2011-03-23,quarterly,5,0.40844099,0.37878644,0.029654552,0.40711859
2001-03-16,2011-03-23,band 5%,5,0.41855012,0.37878644,0.039763683,0.62446536
2001-04-17,2011-04-21,quarterly,5,0.39068557,0.36816601,0.02251956,0.34410863
2001-04-17,2011-04-21,band 5%,5,0.40206631,0.36816601,0.0339003,0.5820978
2001-05-16,2011-05-23,quarterly,5,0.39082366,0.36016074,0.030662917,0.37965434
2001-05-16,2011-05-23,band 5%,5,0.39928137,0.36016074,0.039120631,0.57831744
2001-06-15,2011-06-22,quarterly,5,0.4005733,0.37085333,0.029719966,0.40746453
2001-06-15,2011-06-22,band 5%,5,0.40821965,0.37085333,0.037366321,0.58398592
2001-07-17,2011-07-22,quarterly,5,0.39237404,0.36932175,0.023052286,0.34495833
2001-07-17,2011-07-22,band 5%,5,0.40242154,0.36932175,0.033099791,0.56163253
2001-08-15,2011-08-22,quarterly,5,0.42138041,0.3927432,0.02863721,0.38591687
2001-08-15,2011-08-22,band 5%,5,0.42636064,0.3927432,0.033617443,0.53185433
2001-09-20,2011-09-21,quarterly,5,0.48279961,0.44639583,0.036403782,0.38841106
2001-09-20,2011-09-21,band 5%,5,0.48811764,0.44639583,0.041721808,0.5144801
2001-10-19,2011-10-20,quarterly,5,0.46190274,0.42998064,0.031922107,0.33114454
2001-10-19,2011-10-20,band 5%,5,0.46856599,0.42998064,0.038585348,0.49081384
2001-11-19,2011-11-18,quarterly,5,0.44273774,0.40871927,0.034018466,0.37987912
2001-11-19,2011-11-18,band 5%,5,0.44092389,0.40871927,0.032204619,0.46099774
2001-12-19,2011-12-20,quarterly,5,0.41865106,0.39166665,0.026984412,0.38910504
2001-12-19,2011-12-20,band 5%,5,0.41948415,0.39166665,0.027817507,0.46160381
2002-01-22,2012-01-23,quarterly,5,0.42461702,0.39761633,0.027000688,0.34497972
2002-01-22,2012-01-23,band 5%,5,0.42646072,0.39761633,0.028844387,0.46243459
2002-02-21,2012-02-22,quarterly,5,0.42053822,0.40107113,0.019467089,0.39110444
2002-02-21,2012-02-22,band 5%,5,0.41509311,0.40107113,0.014021974,0.44013272
2002-03-22,2012-03-22,quarterly,5,0.41951949,0.40989504,0.0096244515,0.39753036
2002-03-22,2012-03-22,band 5%,5,0.41698417,0.40989504,0.0070891348,0.44661577
2002-04-23,2012-04-23,quarterly,5,0.41493462,0.40456862,0.010366005,0.34684979
2002-04-23,2012-04-23,band 5%,5,0.41022272,0.40456862,0.0056541016,0.40894612
2002-05-22,2012-05-22,quarterly,5,0.40957128,0.40266264,0.0069086349,0.37819354
2002-05-22,2012-05-22,band 5%,5,0.40715269,0.40266264,0.0044900487,0.44682106
2002-06-21,2012-06-21,quarterly,5,0.43741861,0.44629241,-0.0088737988,0.38191052
2002-06-21,2012-06-21,band 5%,5,0.43676836,0.44629241,-0.0095240465,0.43038673
2002-07-23,2012-07-23,quarterly,5,0.45635373,0.47200099,-0.015647264,0.32517131
2002-07-23,2012-07-23,band 5%,5,0.45822336,0.47200099,-0.013777638,0.40432294
2002-08-21,2012-08-21,quarterly,5,0.46790495,0.47548653,-0.0075815869,0.36993627
2002-08-21,2012-08-21,band 5%,5,0.45927524,0.47548653,-0.016211294,0.38076697
2002-09-20,2012-09-20,quarterly,5,0.4765336,0.49482136,-0.018287764,0.37624581
2002-09-20,2012-09-20,band 5%,5,0.47062906,0.49482136,-0.024192304,0.3727046
2002-10-21,2012-10-19,quarterly,5,0.44864162,0.47581023,-0.02716861,0.31525808
2002-10-21,2012-10-19,band 5%,5,0.44857556,0.47581023,-0.027234673,0.38041481
2002-11-19,2012-11-21,quarterly,5,0.43131633,0.45152395,-0.020207616,0.35959223
2002-11-19,2012-11-21,band 5%,5,0.42379771,0.45152395,-0.027726241,0.37667002
2002-12-19,2012-12-21,quarterly,5,0.43625864,0.45241111,-0.016152472,0.37753935
2002-12-19,2012-12-21,band 5%,5,0.4298163,0.45241111,-0.022594811,0.37028194
2003-01-22,2013-01-24,quarterly,5,0.43384211,0.44211438,-0.0082722788,0.33016589
2003-01-22,2013-01-24,band 5%,5,0.43112097,0.44211438,-0.010993413,0.38136242
2003-02-21,2013-02-25,quarterly,5,0.43041058,0.43296501,-0.0025544379,0.3749765
2003-02-21,2013-02-25,band 5%,5,0.42252003,0.43296501,-0.010444986,0.39690427
2003-03-24,2013-03-26,quarterly,5,0.40995994,0.43039758,-0.020437641,0.37362161
2003-03-24,2013-03-26,band 5%,5,0.40426036,0.43039758,-0.02613722,0.37071362
2003-04-23,2013-04-25,quarterly,5,0.41566946,0.43114225,-0.015472782,0.32352948
2003-04-23,2013-04-25,band 5%,5,0.41298264,0.43114225,-0.018159604,0.36988671
2003-05-22,2013-05-24,quarterly,5,0.3897119,0.40321139,-0.013499494,0.36490093
2003-05-22,2013-05-24,band 5%,5,0.38093991,0.40321139,-0.022271487,0.36735669
2003-06-23,2013-06-25,quarterly,5,0.37163543,0.38139419,-0.0097587646,0.38126375
2003-06-23,2013-06-25,band 5%,5,0.36520138,0.38139419,-0.016192817,0.36834529
2003-07-23,2013-07-25,quarterly,5,0.37604777,0.38453754,-0.0084897712,0.31853227
2003-07-23,2013-07-25,band 5%,5,0.37323531,0.38453754,-0.011302236,0.36795682
2003-08-21,2013-08-23,quarterly,5,0.37159297,0.39462221,-0.023029241,0.35813821
2003-08-21,2013-08-23,band 5%,5,0.36224432,0.39462221,-0.032377896,0.35536623
2003-09-22,2013-09-24,quarterly,5,0.36291449,0.38286054,-0.019946047,0.37695972
2003-09-22,2013-09-24,band 5%,5,0.35532169,0.38286054,-0.027538848,0.35479109
2003-10-21,2013-10-23,quarterly,5,0.34698832,0.385087,-0.038098674,0.30317077
2003-10-21,2013-10-23,band 5%,5,0.34494722,0.385087,-0.040139775,0.34456508
2003-11-19,2013-11-21,quarterly,5,0.38656639,0.40609975,-0.019533356,0.36129939
2003-11-19,2013-11-21,band 5%,5,0.38005687,0.40609975,-0.026042872,0.38078859
2003-12-19,2013-12-23,quarterly,5,0.39741088,0.42093456,-0.02352368,0.37428178
2003-12-19,2013-12-23,band 5%,5,0.39347496,0.42093456,-0.027459607,0.38194656
2004-01-22,2014-01-24,quarterly,5,0.36767505,0.39756694,-0.029891891,0.30784028
2004-01-22,2014-01-24,band 5%,5,0.36540721,0.39756694,-0.032159729,0.34298751
2004-02-23,2014-02-25,quarterly,5,0.38312827,0.39652038,-0.013392109,0.35495349
2004-02-23,2014-02-25,band 5%,5,0.37307112,0.39652038,-0.023449258,0.34373648
2004-03-23,2014-03-26,quarterly,5,0.37456681,0.3847252,-0.010158392,0.35857443
2004-03-23,2014-03-26,band 5%,5,0.37337061,0.3847252,-0.011354594,0.3819797
2004-04-22,2014-04-25,quarterly,5,0.35345838,0.37851963,-0.025061255,0.30227971
2004-04-22,2014-04-25,band 5%,5,0.35297865,0.37851963,-0.025540987,0.34407149
2004-05-21,2014-05-27,quarterly,5,0.38132857,0.39693377,-0.015605202,0.3576631
2004-05-21,2014-05-27,band 5%,5,0.37537893,0.39693377,-0.021554842,0.392605
2004-06-23,2014-06-25,quarterly,5,0.35416524,0.37060219,-0.016436955,0.36602821
2004-06-23,2014-06-25,band 5%,5,0.35085381,0.37060219,-0.019748382,0.37084955
2004-07-23,2014-07-25,quarterly,5,0.3610789,0.38576006,-0.024681155,0.30171934
2004-07-23,2014-07-25,band 5%,5,0.36250565,0.38576006,-0.023254404,0.36956663
2004-08-23,2014-08-25,quarterly,5,0.38766835,0.3978837,-0.01021535,0.3517646
2004-08-23,2014-08-25,band 5%,5,0.37727116,0.3978837,-0.020612536,0.34365003
2004-09-22,2014-09-24,quarterly,5,0.36059904,0.37117832,-0.010579273,0.3589025
2004-09-22,2014-09-24,band 5%,5,0.35703105,0.37117832,-0.014147272,0.35768798
2004-10-21,2014-10-23,quarterly,5,0.34315559,0.35153673,-0.0083811409,0.27887613
2004-10-21,2014-10-23,band 5%,5,0.35059594,0.35153673,-0.00094079226,0.36065733
2004-11-19,2014-11-21,quarterly,5,0.35040275,0.34699162,0.0034111334,0.33149766
2004-11-19,2014-11-21,band 5%,5,0.34593967,0.34699162,-0.0010519551,0.34829977
2004-12-21,2014-12-23,quarterly,5,0.33086081,0.32904932,0.0018114893,0.33816521
2004-12-21,2014-12-23,band 5%,5,0.3305736,0.32904932,0.0015242766,0.32026737
2005-01-21,2015-01-26,quarterly,5,0.31360064,0.315498,-0.0018973617,0.26878275
2005-01-21,2015-01-26,band 5%,5,0.31806068,0.315498,0.0025626725,0.31867796
2005-02-22,2015-02-25,quarterly,5,0.34052121,0.32330779,0.017213427,0.30526889
2005-02-22,2015-02-25,band 5%,5,0.34271573,0.32330779,0.019407946,0.34383505
2005-03-23,2015-03-26,quarterly,5,0.33622854,0.32199522,0.014233323,0.31889408
2005-03-23,2015-03-26,band 5%,5,0.33912433,0.32199522,0.017129107,0.31712498
2005-04-22,2015-04-27,quarterly,5,0.35863241,0.34751472,0.011117688,0.2639966
2005-04-22,2015-04-27,band 5%,5,0.36348348,0.34751472,0.015968766,0.3154787
2005-05-23,2015-05-27,quarterly,5,0.35926086,0.34363572,0.015625139,0.30195655
2005-05-23,2015-05-27,band 5%,5,0.35859901,0.34363572,0.014963283,0.31749966
2005-06-22,2015-06-25,quarterly,5,0.35410664,0.34072946,0.013377177,0.31701614
2005-06-22,2015-06-25,band 5%,5,0.35709129,0.34072946,0.016361831,0.31693206
2005-07-22,2015-07-27,quarterly,5,0.34955351,0.33190555,0.017647961,0.27546959
2005-07-22,2015-07-27,band 5%,5,0.35509977,0.33190555,0.023194222,0.3449842
2005-08-22,2015-08-25,quarterly,5,0.32292797,0.30018985,0.022738119,0.31710764
2005-08-22,2015-08-25,band 5%,5,0.32151443,0.30018985,0.021324586,0.32863313
2005-09-21,2015-09-24,quarterly,5,0.32726921,0.30627843,0.020990774,0.32293676
2005-09-21,2015-09-24,band 5%,5,0.33156335,0.30627843,0.025284923,0.33912891
2005-10-20,2015-10-23,quarterly,5,0.32752122,0.30787127,0.019649943,0.28029632
2005-10-20,2015-10-23,band 5%,5,0.33433111,0.30787127,0.026459832,0.34187556
2005-11-18,2015-11-23,quarterly,5,0.32914763,0.30315035,0.025997285,0.3156051
2005-11-18,2015-11-23,band 5%,5,0.3274731,0.30315035,0.02432275,0.32552487
2005-12-20,2015-12-23,quarterly,5,0.31007119,0.28815643,0.021914755,0.32891672
2005-12-20,2015-12-23,band 5%,5,0.31435735,0.28815643,0.02620092,0.34204081
2006-01-23,2016-01-26,quarterly,5,0.29634016,0.27976714,0.016573021,0.27074347
2006-01-23,2016-01-26,band 5%,5,0.30135728,0.27976714,0.021590139,0.31420113
2006-02-22,2016-02-25,quarterly,5,0.31074312,0.28777519,0.022967925,0.30282187
2006-02-22,2016-02-25,band 5%,5,0.31057997,0.28777519,0.02280478,0.33437494
2006-03-23,2016-03-28,quarterly,5,0.32836676,0.30658351,0.021783255,0.32689031
2006-03-23,2016-03-28,band 5%,5,0.33258131,0.30658351,0.025997802,0.3579039
2006-04-24,2016-04-26,quarterly,5,0.32234793,0.30607058,0.016277348,0.26829683
2006-04-24,2016-04-26,band 5%,5,0.33001891,0.30607058,0.023948327,0.35560611
2006-05-23,2016-05-25,quarterly,5,0.34194097,0.32070016,0.021240806,0.31277964
2006-05-23,2016-05-25,band 5%,5,0.34329334,0.32070016,0.02259318,0.36638812
2006-06-22,2016-06-24,quarterly,5,0.33772746,0.3167903,0.020937165,0.33767804
2006-06-22,2016-06-24,band 5%,5,0.34112056,0.3167903,0.024330267,0.35271038
2006-07-24,2016-07-26,quarterly,5,0.34244623,0.32858266,0.013863566,0.27970806
2006-07-24,2016-07-26,band 5%,5,0.34857645,0.32858266,0.019993791,0.34557454
2006-08-22,2016-08-24,quarterly,5,0.36228436,0.34700314,0.015281224,0.30070932
2006-08-22,2016-08-24,band 5%,5,0.36118104,0.34700314,0.014177909,0.30775465
2006-09-21,2016-09-23,quarterly,5,0.34891844,0.33711661,0.011801832,0.32074467
2006-09-21,2016-09-23,band 5%,5,0.35082871,0.33711661,0.013712098,0.30727856
2006-10-20,2016-10-24,quarterly,5,0.34718283,0.33932352,0.0078593083,0.26922677
2006-10-20,2016-10-24,band 5%,5,0.35313063,0.33932352,0.01380711,0.33133455
2006-11-20,2016-11-22,quarterly,5,0.32210424,0.30415069,0.017953543,0.29290951
2006-11-20,2016-11-22,band 5%,5,0.32221043,0.30415069,0.018059731,0.32557511
2006-12-20,2016-12-22,quarterly,5,0.32519731,0.3101207,0.015076607,0.32168026
2006-12-20,2016-12-22,band 5%,5,0.32647146,0.3101207,0.016350758,0.30396397
2007-01-24,2017-01-25,quarterly,5,0.33673646,0.32710927,0.0096271945,0.26977299
2007-01-24,2017-01-25,band 5%,5,0.34181416,0.32710927,0.01470489,0.30747256
2007-02-23,2017-02-24,quarterly,5,0.34052482,0.32114735,0.019377466,0.29553897
2007-02-23,2017-02-24,band 5%,5,0.33923825,0.32114735,0.018090899,0.30382179
2007-03-26,2017-03-27,quarterly,5,0.34033929,0.32497832,0.015360972,0.32192127
2007-03-26,2017-03-27,band 5%,5,0.34297862,0.32497832,0.018000299,0.30842679
2007-04-25,2017-04-26,quarterly,5,0.33409445,0.32038458,0.013709873,0.2679823
2007-04-25,2017-04-26,band 5%,5,0.33841225,0.32038458,0.01802767,0.30152042
2007-05-24,2017-05-25,quarterly,5,0.30817212,0.28713003,0.021042084,0.28315247
2007-05-24,2017-05-25,band 5%,5,0.30891544,0.28713003,0.021785411,0.31501261
2007-06-25,2017-06-26,quarterly,5,0.29669243,0.2800606,0.016631823,0.31335123
2007-06-25,2017-06-26,band 5%,5,0.30121754,0.2800606,0.021156934,0.34724984
2007-07-25,2017-07-26,quarterly,5,0.29537356,0.28219658,0.013176977,0.26844298
2007-07-25,2017-07-26,band 5%,5,0.29964247,0.28219658,0.017445889,0.30336131
2007-08-23,2017-08-24,quarterly,5,0.2892406,0.26797556,0.021265035,0.28561221
2007-08-23,2017-08-24,band 5%,5,0.2883067,0.26797556,0.020331139,0.29046773
2007-09-24,2017-09-25,quarterly,5,0.26704146,0.24860509,0.018436367,0.31178064
2007-09-24,2017-09-25,band 5%,5,0.267192,0.24860509,0.018586916,0.27726765
2007-10-23,2017-10-24,quarterly,5,0.25841365,0.24364346,0.014770192,0.27261617
2007-10-23,2017-10-24,band 5%,5,0.26459351,0.24364346,0.020950046,0.34158533
2007-11-21,2017-11-22,quarterly,5,0.29025186,0.27368914,0.016562714,0.27953756
2007-11-21,2017-11-22,band 5%,5,0.28945549,0.27368914,0.015766344,0.28992486
2007-12-21,2017-12-22,quarterly,5,0.2734825,0.26016935,0.013313152,0.30157381
2007-12-21,2017-12-22,band 5%,5,0.27579888,0.26016935,0.01562953,0.2891282
2008-01-24,2018-01-25,quarterly,5,0.31545978,0.30309988,0.012359892,0.28455756
2008-01-24,2018-01-25,band 5%,5,0.32177308,0.30309988,0.018673195,0.35257327
2008-02-25,2018-02-26,quarterly,5,0.34009834,0.32301647,0.017081871,0.28009151
2008-02-25,2018-02-26,band 5%,5,0.33962473,0.32301647,0.016608262,0.29945299
2008-03-26,2018-03-27,quarterly,5,0.3188873,0.30782821,0.011059091,0.31076186
2008-03-26,2018-03-27,band 5%,5,0.32499559,0.30782821,0.017167373,0.36273381
2008-04-24,2018-04-26,quarterly,5,0.30329308,0.29556225,0.0077308266,0.28787351
2008-04-24,2018-04-26,band 5%,5,0.30448884,0.29556225,0.0089265897,0.28677508
2008-05-23,2018-05-25,quarterly,5,0.31369633,0.30521599,0.008480342,0.26528576
2008-05-23,2018-05-25,band 5%,5,0.31751026,0.30521599,0.01229427,0.3467864
2008-06-24,2018-06-26,quarterly,5,0.31469744,0.30812191,0.006575531,0.30536619
2008-06-24,2018-06-26,band 5%,5,0.31611843,0.30812191,0.0079965206,0.28968878
2008-07-24,2018-07-26,quarterly,5,0.33348377,0.33071749,0.0027662841,0.2801164
2008-07-24,2018-07-26,band 5%,5,0.33410048,0.33071749,0.0033829882,0.27440157
2008-08-22,2018-08-24,quarterly,5,0.33181777,0.32228809,0.0095296805,0.26345757
2008-08-22,2018-08-24,band 5%,5,0.33440406,0.32228809,0.012115968,0.32694566
2008-09-23,2018-09-25,quarterly,5,0.36065782,0.34841457,0.012243246,0.29690641
2008-09-23,2018-09-25,band 5%,5,0.36424263,0.34841457,0.015828052,0.31614102
2008-10-22,2018-10-24,quarterly,5,0.39849053,0.38435173,0.014138797,0.27669641
2008-10-22,2018-10-24,band 5%,5,0.40354207,0.38435173,0.01919034,0.31895011
2008-11-20,2018-11-23,quarterly,5,0.40570829,0.39972024,0.0059880483,0.25719872
2008-11-20,2018-11-23,band 5%,5,0.40166093,0.39972024,0.0019406848,0.23628413
2008-12-22,2018-12-26,quarterly,5,0.36836371,0.35706958,0.011294127,0.29922067
2008-12-22,2018-12-26,band 5%,5,0.37166605,0.35706958,0.014596467,0.31447465
2009-01-23,2019-01-28,quarterly,5,0.37980119,0.37068517,0.0091160194,0.29012718
2009-01-23,2019-01-28,band 5%,5,0.38259645,0.37068517,0.011911281,0.31514409
2009-02-24,2019-02-27,quarterly,5,0.37012253,0.357814,0.012308529,0.23450113
2009-02-24,2019-02-27,band 5%,5,0.37593857,0.357814,0.018124566,0.30303475
2009-03-25,2019-03-28,quarterly,5,0.35834958,0.34400283,0.014346746,0.29041404
2009-03-25,2019-03-28,band 5%,5,0.36154211,0.34400283,0.017539274,0.30483972
2009-04-24,2019-04-29,quarterly,5,0.35327906,0.3389309,0.014348166,0.28895258
2009-04-24,2019-04-29,band 5%,5,0.34864342,0.3389309,0.0097125186,0.22330765
2009-05-26,2019-05-29,quarterly,5,0.34109973,0.33372915,0.00737058,0.23179466
2009-05-26,2019-05-29,band 5%,5,0.34380218,0.33372915,0.010073032,0.25244725
2009-06-24,2019-06-27,quarterly,5,0.34689162,0.33670668,0.010184942,0.28271138
2009-06-24,2019-06-27,band 5%,5,0.34956499,0.33670668,0.01285831,0.2929477
2009-07-24,2019-07-29,quarterly,5,0.32857584,0.31528166,0.013294187,0.28716198
2009-07-24,2019-07-29,band 5%,5,0.32706289,0.31528166,0.011781229,0.25453977
2009-08-24,2019-08-27,quarterly,5,0.31913751,0.31277655,0.0063609567,0.23030923
2009-08-24,2019-08-27,band 5%,5,0.32112457,0.31277655,0.0083480176,0.24216477
2009-09-23,2019-09-26,quarterly,5,0.31407088,0.30255701,0.011513875,0.28562335
2009-09-23,2019-09-26,band 5%,5,0.30974714,0.30255701,0.0071901305,0.20337805
2009-10-22,2019-10-25,quarterly,5,0.31699888,0.30433716,0.012661715,0.28628861
2009-10-22,2019-10-25,band 5%,5,0.31831275,0.30433716,0.013975589,0.29479086
2009-11-20,2019-11-25,quarterly,5,0.2989063,0.28441651,0.014489784,0.23103573
2009-11-20,2019-11-25,band 5%,5,0.29866288,0.28441651,0.01424637,0.22271189
2009-12-22,2019-12-26,quarterly,5,0.30900254,0.29158942,0.01741312,0.28225839
2009-12-22,2019-12-26,band 5%,5,0.30671261,0.29158942,0.015123191,0.22471141
2010-01-25,2020-01-28,quarterly,5,0.32155907,0.30286978,0.018689298,0.28174507
2010-01-25,2020-01-28,band 5%,5,0.32070222,0.30286978,0.017832448,0.25259964
2010-02-24,2020-02-27,quarterly,5,0.31201835,0.29854763,0.013470716,0.22870733
2010-02-24,2020-02-27,band 5%,5,0.31612123,0.29854763,0.017573594,0.27240146
2010-03-25,2020-03-27,quarterly,5,0.29283031,0.27966376,0.01316655,0.28171822
2010-03-25,2020-03-27,band 5%,5,0.294089,0.27966376,0.01442524,0.26518161
