fraction,log_growth,return_per_period
0,0,0
0.0025,0.00062304915,0.00062324328
0.005,0.0012422056,0.0012429775
0.0075,0.001857483,0.0018592092
0.01,0.0024688945,0.0024719447
0.0125,0.0030764535,0.0030811906
0.015,0.003680173,0.0036869532
0.0175,0.0042800662,0.0042892387
0.02,0.0048761457,0.0048880535
0.0225,0.0054684245,0.0054834036
0.025,0.0060569152,0.0060752954
0.0275,0.0066416303,0.0066637348
0.03,0.0072225822,0.007248728
0.0325,0.0077997833,0.0078302809
0.035,0.0083732457,0.0084083994
0.0375,0.0089429816,0.0089830896
0.04,0.0095090029,0.0095543571
0.0425,0.010071322,0.010122208
0.045,0.010629949,0.010686648
0.0475,0.011184897,0.011247682
0.05,0.011736178,0.011805317
0.0525,0.012283802,0.012359558
0.055,0.012827782,0.012910411
0.0575,0.013368127,0.01345788
0.06,0.01390485,0.014001972
0.0625,0.014437962,0.014542693
0.065,0.014967473,0.015080046
0.0675,0.015493394,0.015614038
0.07,0.016015735,0.016144675
0.0725,0.016534509,0.01667196
0.075,0.017049724,0.017195901
0.0775,0.017561392,0.0177165
0.08,0.018069523,0.018233765
0.0825,0.018574127,0.018747699
0.085,0.019075215,0.019258309
0.0875,0.019572795,0.019765598
0.09,0.020066879,0.020269572
0.0925,0.020557476,0.020770236
0.095,0.021044596,0.021267595
0.0975,0.021528248,0.021761653
0.1,0.022008443,0.022252415
0.1025,0.022485189,0.022739886
0.105,0.022958496,0.023224071
0.1075,0.023428374,0.023704975
0.11,0.023894832,0.024182601
0.1125,0.024357878,0.024656955
0.115,0.024817523,0.025128041
0.1175,0.025273774,0.025595863
0.12,0.025726641,0.026060427
0.1225,0.026176132,0.026521736
0.125,0.026622257,0.026979795
0.1275,0.027065024,0.027434609
0.13,0.027504442,0.02788618
0.1325,0.027940518,0.028334515
0.135,0.028373262,0.028779617
0.1375,0.028802681,0.02922149
0.14,0.029228785,0.029660138
0.1425,0.02965158,0.030095566
0.145,0.030071076,0.030527777
0.1475,0.03048728,0.030956776
0.15,0.0309002,0.031382567
0.1525,0.031309845,0.031805154
0.155,0.03171622,0.03222454
0.1575,0.032119336,0.032640729
0.16,0.032519198,0.033053726
0.1625,0.032915815,0.033463533
0.165,0.033309194,0.033870156
0.1675,0.033699342,0.034273598
0.17,0.034086268,0.034673862
0.1725,0.034469977,0.035070952
0.175,0.034850477,0.035464871
0.1775,0.035227776,0.035855625
0.18,0.03560188,0.036243215
0.1825,0.035972796,0.036627645
0.185,0.036340531,0.03700892
0.1875,0.036705092,0.037387042
0.19,0.037066486,0.037762015
0.1925,0.037424719,0.038133843
0.195,0.037779798,0.038502528
0.1975,0.03813173,0.038868074
0.2,0.038480521,0.039230485
0.2025,0.038826177,0.039589763
0.205,0.039168704,0.039945912
0.2075,0.03950811,0.040298935
0.21,0.039844399,0.040648836
0.2125,0.040177579,0.040995617
0.215,0.040507656,0.041339282
0.2175,0.040834634,0.041679833
0.22,0.041158521,0.042017274
0.2225,0.041479322,0.042351608
0.225,0.041797043,0.042682838
0.2275,0.04211169,0.043010966
0.23,0.042423268,0.043335996
0.2325,0.042731783,0.04365793
0.235,0.04303724,0.043976772
0.2375,0.043339645,0.044292524
0.24,0.043639004,0.044605189
0.2425,0.043935322,0.044914769
0.245,0.044228603,0.045221268
0.2475,0.044518854,0.045524689
0.25,0.044806079,0.045825033
0.2525,0.045090284,0.046122304
0.255,0.045371474,0.046416504
0.2575,0.045649653,0.046707636
0.26,0.045924827,0.046995702
0.2625,0.046197,0.047280705
0.265,0.046466178,0.047562647
0.2675,0.046732364,0.047841531
0.27,0.046995564,0.04811736
0.2725,0.047255783,0.048390135
0.275,0.047513024,0.048659859
0.2775,0.047767293,0.048926535
0.28,0.048018594,0.049190164
0.2825,0.048266931,0.049450749
0.285,0.048512309,0.049708293
0.2875,0.048754732,0.049962797
0.29,0.048994204,0.050214264
0.2925,0.04923073,0.050462696
0.295,0.049464313,0.050708095
0.2975,0.049694957,0.050950463
0.3,0.049922667,0.051189802
0.3025,0.050147447,0.051426115
0.305,0.050369301,0.051659403
0.3075,0.050588231,0.051889669
0.31,0.050804243,0.052116914
0.3125,0.051017339,0.05234114
0.315,0.051227524,0.05256235
0.3175,0.051434802,0.052780545
0.32,0.051639175,0.052995726
0.3225,0.051840647,0.053207897
0.325,0.052039222,0.053417059
0.3275,0.052234903,0.053623213
0.33,0.052427694,0.053826361
0.3325,0.052617598,0.054026506
0.335,0.052804617,0.054223648
0.3375,0.052988756,0.05441779
0.34,0.053170018,0.054608932
0.3425,0.053348405,0.054797078
0.345,0.053523921,0.054982227
0.3475,0.053696568,0.055164383
0.35,0.05386635,0.055343546
0.3525,0.054033269,0.055519718
0.355,0.054197329,0.0556929
0.3575,0.054358532,0.055863095
0.36,0.054516881,0.056030303
0.3625,0.054672378,0.056194525
0.365,0.054825026,0.056355764
0.3675,0.054974828,0.05651402
0.37,0.055121787,0.056669295
0.3725,0.055265904,0.056821591
0.375,0.055407183,0.056970908
0.3775,0.055545626,0.057117248
0.38,0.055681234,0.057260611
0.3825,0.055814011,0.057401
0.385,0.055943958,0.057538415
0.3875,0.056071078,0.057672858
0.39,0.056195373,0.05780433
0.3925,0.056316845,0.057932831
0.395,0.056435496,0.058058363
0.3975,0.056551328,0.058180927
0.4,0.056664343,0.058300524
0.4025,0.056774543,0.058417155
0.405,0.056881929,0.058530821
0.4075,0.056986504,0.058641523
0.41,0.05708827,0.058749262
0.4125,0.057187228,0.058854039
0.415,0.057283379,0.058955854
0.4175,0.057376726,0.059054708
0.42,0.057467269,0.059150603
0.4225,0.057555011,0.059243539
0.425,0.057639953,0.059333517
0.4275,0.057722096,0.059420537
0.43,0.057801442,0.059504601
0.4325,0.057877991,0.059585709
0.435,0.057951746,0.059663862
0.4375,0.058022708,0.05973906
0.44,0.058090877,0.059811304
0.4425,0.058156255,0.059880595
0.445,0.058218843,0.059946933
0.4475,0.058278642,0.060010318
0.45,0.058335653,0.060070752
0.4525,0.058389877,0.060128235
0.455,0.058441315,0.060182767
0.4575,0.058489968,0.060234349
0.46,0.058535836,0.060282981
0.4625,0.05857892,0.060328664
0.465,0.058619221,0.060371397
0.4675,0.05865674,0.060411182
0.47,0.058691478,0.060448019
0.4725,0.058723434,0.060481907
0.475,0.05875261,0.060512848
0.4775,0.058779005,0.060540841
0.48,0.058802621,0.060565887
0.4825,0.058823458,0.060587986
0.485,0.058841515,0.060607137
0.4875,0.058856794,0.060623343
0.49,0.058869295,0.060636601
0.4925,0.058879018,0.060646913
0.495,0.058885962,0.060654279
0.4975,0.058890129,0.060658699
0.5,0.058891518,0.060660172
0.5025,0.058890129,0.060658699
0.505,0.058885962,0.060654279
0.5075,0.058879018,0.060646913
0.51,0.058869295,0.060636601
0.5125,0.058856794,0.060623343
0.515,0.058841515,0.060607137
0.5175,0.058823458,0.060587986
0.52,0.058802621,0.060565887
0.5225,0.058779005,0.060540841
0.525,0.05875261,0.060512848
0.5275,0.058723434,0.060481907
0.53,0.058691478,0.060448019
0.5325,0.05865674,0.060411182
0.535,0.058619221,0.060371397
0.5375,0.05857892,0.060328664
0.54,0.058535836,0.060282981
0.5425,0.058489968,0.060234349
0.545,0.058441315,0.060182767
0.5475,0.058389877,0.060128235
0.55,0.058335653,0.060070752
0.5525,0.058278642,0.060010318
0.555,0.058218843,0.059946933
0.5575,0.058156255,0.059880595
0.56,0.058090877,0.059811304
0.5625,0.058022708,0.05973906
0.565,0.057951746,0.059663862
0.5675,0.057877991,0.059585709
0.57,0.057801442,0.059504601
0.5725,0.057722096,0.059420537
0.575,0.057639953,0.059333517
0.5775,0.057555011,0.059243539
0.58,0.057467269,0.059150603
0.5825,0.057376726,0.059054708
0.585,0.057283379,0.058955854
0.5875,0.057187228,0.058854039
0.59,0.05708827,0.058749262
0.5925,0.056986504,0.058641523
0.595,0.056881929,0.058530821
0.5975,0.056774543,0.058417155
0.6,0.056664343,0.058300524
0.6025,0.056551328,0.058180927
0.605,0.056435496,0.058058363
0.6075,0.056316845,0.057932831
0.61,0.056195373,0.05780433
0.6125,0.056071078,0.057672858
0.615,0.055943958,0.057538415
0.6175,0.055814011,0.057401
0.62,0.055681234,0.057260611
0.6225,0.055545626,0.057117248
0.625,0.055407183,0.056970908
0.6275,0.055265904,0.056821591
0.63,0.055121787,0.056669295
0.6325,0.054974828,0.05651402
0.635,0.054825026,0.056355764
0.6375,0.054672378,0.056194525
0.64,0.054516881,0.056030303
0.6425,0.054358532,0.055863095
0.645,0.054197329,0.0556929
0.6475,0.054033269,0.055519718
0.65,0.05386635,0.055343546
0.6525,0.053696568,0.055164383
0.655,0.053523921,0.054982227
0.6575,0.053348405,0.054797078
0.66,0.053170018,0.054608932
0.6625,0.052988756,0.05441779
0.665,0.052804617,0.054223648
0.6675,0.052617598,0.054026506
0.67,0.052427694,0.053826361
0.6725,0.052234903,0.053623213
0.675,0.052039222,0.053417059
0.6775,0.051840647,0.053207897
0.68,0.051639175,0.052995726
0.6825,0.051434802,0.052780545
0.685,0.051227524,0.05256235
0.6875,0.051017339,0.05234114
0.69,0.050804243,0.052116914
0.6925,0.050588231,0.051889669
0.695,0.050369301,0.051659403
0.6975,0.050147447,0.051426115
0.7,0.049922667,0.051189802
0.7025,0.049694957,0.050950463
0.705,0.049464313,0.050708095
0.7075,0.04923073,0.050462696
0.71,0.048994204,0.050214264
0.7125,0.048754732,0.049962797
0.715,0.048512309,0.049708293
0.7175,0.048266931,0.049450749
0.72,0.048018594,0.049190164
0.7225,0.047767293,0.048926535
0.725,0.047513024,0.048659859
0.7275,0.047255783,0.048390135
0.73,0.046995564,0.04811736
0.7325,0.046732364,0.047841531
0.735,0.046466178,0.047562647
0.7375,0.046197,0.047280705
0.74,0.045924827,0.046995702
0.7425,0.045649653,0.046707636
0.745,0.045371474,0.046416504
0.7475,0.045090284,0.046122304
0.75,0.044806079,0.045825033
0.7525,0.044518854,0.045524689
0.755,0.044228603,0.045221268
0.7575,0.043935322,0.044914769
0.76,0.043639004,0.044605189
0.7625,0.043339645,0.044292524
0.765,0.04303724,0.043976772
0.7675,0.042731783,0.04365793
0.77,0.042423268,0.043335996
0.7725,0.04211169,0.043010966
0.775,0.041797043,0.042682838
0.7775,0.041479322,0.042351608
0.78,0.041158521,0.042017274
0.7825,0.040834634,0.041679833
0.785,0.040507656,0.041339282
0.7875,0.040177579,0.040995617
0.79,0.039844399,0.040648836
0.7925,0.03950811,0.040298935
0.795,0.039168704,0.039945912
0.7975,0.038826177,0.039589763
0.8,0.038480521,0.039230485
0.8025,0.03813173,0.038868074
0.805,0.037779798,0.038502528
0.8075,0.037424719,0.038133843
0.81,0.037066486,0.037762015
0.8125,0.036705092,0.037387042
0.815,0.036340531,0.03700892
0.8175,0.035972796,0.036627645
0.82,0.03560188,0.036243215
0.8225,0.035227776,0.035855625
0.825,0.034850477,0.035464871
0.8275,0.034469977,0.035070952
0.83,0.034086268,0.034673862
0.8325,0.033699342,0.034273598
0.835,0.033309194,0.033870156
0.8375,0.032915815,0.033463533
0.84,0.032519198,0.033053726
0.8425,0.032119336,0.032640729
0.845,0.03171622,0.03222454
0.8475,0.031309845,0.031805154
0.85,0.0309002,0.031382567
0.8525,0.03048728,0.030956776
0.855,0.030071076,0.030527777
0.8575,0.02965158,0.030095566
0.86,0.029228785,0.029660138
0.8625,0.028802681,0.02922149
0.865,0.028373262,0.028779617
0.8675,0.027940518,0.028334515
0.87,0.027504442,0.02788618
0.8725,0.027065024,0.027434609
0.875,0.026622257,0.026979795
0.8775,0.026176132,0.026521736
0.88,0.025726641,0.026060427
0.8825,0.025273774,0.025595863
0.885,0.024817523,0.025128041
0.8875,0.024357878,0.024656955
0.89,0.023894832,0.024182601
0.8925,0.023428374,0.023704975
0.895,0.022958496,0.023224071
0.8975,0.022485189,0.022739886
0.9,0.022008443,0.022252415
0.9025,0.021528248,0.021761653
0.905,0.021044596,0.021267595
0.9075,0.020557476,0.020770236
0.91,0.020066879,0.020269572
0.9125,0.019572795,0.019765598
0.915,0.019075215,0.019258309
0.9175,0.018574127,0.018747699
0.92,0.018069523,0.018233765
0.9225,0.017561392,0.0177165
0.925,0.017049724,0.017195901
0.9275,0.016534509,0.01667196
0.93,0.016015735,0.016144675
0.9325,0.015493394,0.015614038
0.935,0.014967473,0.015080046
0.9375,0.014437962,0.014542693
0.94,0.01390485,0.014001972
0.9425,0.013368127,0.01345788
0.945,0.012827782,0.012910411
0.9475,0.012283802,0.012359558
0.95,0.011736178,0.011805317
0.9525,0.011184897,0.011247682
0.955,0.010629949,0.010686648
0.9575,0.010071322,0.010122208
0.96,0.0095090029,0.0095543571
0.9625,0.0089429816,0.0089830896
0.965,0.0083732457,0.0084083994
0.9675,0.0077997833,0.0078302809
0.97,0.0072225822,0.007248728
0.9725,0.0066416303,0.0066637348
0.975,0.0060569152,0.0060752954
0.9775,0.0054684245,0.0054834036
0.98,0.0048761457,0.0048880535
0.9825,0.0042800662,0.0042892387
0.985,0.003680173,0.0036869532
0.9875,0.0030764535,0.0030811906
0.99,0.0024688945,0.0024719447
0.9925,0.001857483,0.0018592092
0.995,0.0012422056,0.0012429775
0.9975,0.00062304915,0.00062324328
1,0,0
