window_start,window_end,policy,estimated_kelly,applied_fraction,realised_log_growth,annual_return,max_drawdown,ruined
1985-12-10,1986-12-08,full Kelly,0.22880059,0.22880059,0.19374641,0.21378844,-0.028130333,False
1985-12-10,1986-12-08,half Kelly,0.22880059,0.11440029,0.097991552,0.10295347,-0.014089253,False
1985-12-10,1986-12-08,fixed 0.50,0.22880059,0.5,0.41218856,0.51011916,-0.061223912,False
1985-12-10,1986-12-08,fixed 1.00,0.22880059,1,0.78552057,1.1935485,-0.12152761,False
1986-12-09,1987-12-07,full Kelly,1.1431776,1.1431776,0.48077246,0.61732324,-0.45527291,False
1986-12-09,1987-12-07,half Kelly,1.1431776,0.57158881,0.29445659,0.34239668,-0.24099607,False
1986-12-09,1987-12-07,fixed 0.50,1.1431776,0.5,0.26325773,0.30116203,-0.21227612,False
1986-12-09,1987-12-07,fixed 1.00,1.1431776,1,0.44513962,0.56070809,-0.40410678,False
1987-12-08,1988-12-05,full Kelly,1.0736469,1.0736469,0.19462461,0.21485486,-0.20857741,False
1987-12-08,1988-12-05,half Kelly,1.0736469,0.53682347,0.12561375,0.13384414,-0.103686,False
1987-12-08,1988-12-05,fixed 0.50,1.0736469,0.5,0.11889216,0.12624846,-0.096512455,False
1987-12-08,1988-12-05,fixed 1.00,1.0736469,1,0.1882653,0.20715373,-0.19418903,False
1988-12-06,1989-12-04,full Kelly,1.6407664,1.6407664,0.20088818,0.22248807,-0.24213038,False
1988-12-06,1989-12-04,half Kelly,1.6407664,0.82038318,0.12489004,0.13302385,-0.12520669,False
1988-12-06,1989-12-04,fixed 0.50,1.6407664,0.5,0.08201717,0.085474447,-0.077295626,False
1988-12-06,1989-12-04,fixed 1.00,1.6407664,1,0.14567196,0.15681664,-0.15151449,False
1989-12-05,1990-12-03,full Kelly,1.6991561,1.6991561,-0.44126045,-0.35677484,-0.59083434,False
1989-12-05,1990-12-03,half Kelly,1.6991561,0.84957805,-0.11821851,-0.11149811,-0.32624237,False
1989-12-05,1990-12-03,fixed 0.50,1.6991561,0.5,-0.047268188,-0.046168443,-0.19976126,False
1989-12-05,1990-12-03,fixed 1.00,1.6991561,1,-0.15898064,-0.14698713,-0.37743362,False
1990-12-04,1991-12-02,full Kelly,1.8803956,1.8803956,0.2899259,0.33632846,-0.68247007,False
1990-12-04,1991-12-02,half Kelly,1.8803956,0.94019782,0.30482267,0.35638445,-0.37372406,False
1990-12-04,1991-12-02,fixed 0.50,1.8803956,0.5,0.19503047,0.21534801,-0.20677717,False
1990-12-04,1991-12-02,fixed 1.00,1.8803956,1,0.31488163,0.37009713,-0.39530755,False
1991-12-03,1992-11-30,full Kelly,1.3628457,1.3628457,0.13109839,0.14007995,-0.41131617,False
1991-12-03,1992-11-30,half Kelly,1.3628457,0.68142285,0.088522705,0.092559059,-0.22543453,False
1991-12-03,1992-11-30,fixed 0.50,1.3628457,0.5,0.069518082,0.071991445,-0.16949329,False
1991-12-03,1992-11-30,fixed 1.00,1.3628457,1,0.11406038,0.1208198,-0.31694755,False
1992-12-01,1993-11-29,full Kelly,1.2697284,1.2697284,-0.80922467,-0.55479689,-0.7013919,False
1992-12-01,1993-11-29,half Kelly,1.2697284,0.63486421,-0.32662407,-0.27864513,-0.41693054,False
1992-12-01,1993-11-29,fixed 0.50,1.2697284,0.5,-0.24572376,-0.21786175,-0.34020065,False
1992-12-01,1993-11-29,fixed 1.00,1.2697284,1,-0.5816298,-0.44101341,-0.59524534,False
1993-11-30,1994-11-28,full Kelly,0.31611643,0.31611643,0.083755812,0.08736334,-0.096051496,False
1993-11-30,1994-11-28,half Kelly,0.31611643,0.15805822,0.04488902,0.045911778,-0.048876684,False
1993-11-30,1994-11-28,fixed 0.50,0.31611643,0.5,0.12177274,0.12949738,-0.14883994,False
1993-11-30,1994-11-28,fixed 1.00,0.31611643,1,0.18875571,0.20774588,-0.28141647,False
1994-11-29,1995-11-27,full Kelly,0.3770608,0.3770608,0.031513957,0.032015779,-0.099225254,False
1994-11-29,1995-11-27,half Kelly,0.3770608,0.1885304,0.017546879,0.01770173,-0.050385037,False
1994-11-29,1995-11-27,fixed 0.50,0.3770608,0.5,0.038684469,0.039442455,-0.13025473,False
1994-11-29,1995-11-27,fixed 1.00,0.3770608,1,0.0518586,0.053226806,-0.24996601,False
1995-11-28,1996-11-22,full Kelly,0.59121351,0.59121351,-0.24059334,-0.21383874,-0.24063903,False
1995-11-28,1996-11-22,half Kelly,0.59121351,0.29560675,-0.11290692,-0.1067662,-0.12485501,False
1995-11-28,1996-11-22,fixed 0.50,0.59121351,0.5,-0.19953669,-0.18088983,-0.20587137,False
1995-11-28,1996-11-22,fixed 1.00,0.59121351,1,-0.44430505,-0.35873023,-0.38610037,False
1996-11-25,1997-11-21,full Kelly,-0.17688516,-0.17688516,0.026549345,0.026904918,-0.086336836,False
1996-11-25,1997-11-21,half Kelly,-0.17688516,-0.088442582,0.014540888,0.014647121,-0.04341233,False
1996-11-25,1997-11-21,fixed 0.50,-0.17688516,0.5,-0.12712771,-0.1193788,-0.17921388,False
1996-11-25,1997-11-21,fixed 1.00,-0.17688516,1,-0.32809157,-0.27970294,-0.34594588,False
1997-11-24,1998-11-23,full Kelly,-0.39228254,-0.39228254,-0.39601736,-0.32700499,-0.42135142,False
1997-11-24,1998-11-23,half Kelly,-0.39228254,-0.19614127,-0.18742803,-0.17091121,-0.23246362,False
1997-11-24,1998-11-23,fixed 0.50,-0.39228254,0.5,0.3962438,0.48623162,-0.066187977,False
1997-11-24,1998-11-23,fixed 1.00,-0.39228254,1,0.68970488,0.99312723,-0.13016836,False
1998-11-24,1999-11-23,full Kelly,0.61750345,0.61750345,0.61299492,0.84595161,-0.11261489,False
1998-11-24,1999-11-23,half Kelly,0.61750345,0.30875172,0.32094868,0.37843483,-0.057144554,False
1998-11-24,1999-11-23,fixed 0.50,0.61750345,0.5,0.50500116,0.65698744,-0.091701556,False
1998-11-24,1999-11-23,fixed 1.00,0.61750345,1,0.9401421,1.5603452,-0.1790124,False
1999-11-24,2000-11-21,full Kelly,1.1023962,1.1023962,-1.0884029,-0.66324609,-0.78310124,False
1999-11-24,2000-11-21,half Kelly,1.1023962,0.55119808,-0.358092,-0.30099124,-0.44348403,False
1999-11-24,2000-11-21,fixed 0.50,1.1023962,0.5,-0.31394663,-0.26944198,-0.40634404,False
1999-11-24,2000-11-21,fixed 1.00,1.1023962,1,-0.90291299,-0.59461295,-0.72870668,False
2000-11-22,2001-11-28,full Kelly,0.48073338,0.48073338,0.092427211,0.096833301,-0.19136994,False
2000-11-22,2001-11-28,half Kelly,0.48073338,0.24036669,0.058251405,0.059981447,-0.098588783,False
2000-11-22,2001-11-28,fixed 0.50,0.48073338,0.5,0.094156016,0.098731152,-0.1985591,False
2000-11-22,2001-11-28,fixed 1.00,0.48073338,1,0.087365991,0.091296011,-0.37257299,False
2001-11-29,2002-11-27,full Kelly,0.69299214,0.69299214,-0.17071064,-0.15693451,-0.28774679,False
2001-11-29,2002-11-27,half Kelly,0.69299214,0.34649607,-0.078090868,-0.075119619,-0.15079352,False
2001-11-29,2002-11-27,fixed 0.50,0.69299214,0.5,-0.1171979,-0.11059083,-0.21313204,False
2001-11-29,2002-11-27,fixed 1.00,0.69299214,1,-0.26695373,-0.2342915,-0.39809072,False
2002-11-29,2003-11-28,full Kelly,0.72959458,0.72959458,0.2195109,0.24546743,-0.085617071,False
2002-11-29,2003-11-28,half Kelly,0.72959458,0.36479729,0.11763549,0.12483402,-0.042808536,False
2002-11-29,2003-11-28,fixed 0.50,0.72959458,0.5,0.15718683,0.17021423,-0.058674415,False
2002-11-29,2003-11-28,fixed 1.00,0.72959458,1,0.28529402,0.33015307,-0.11734883,False
2003-12-01,2004-11-30,full Kelly,0.56575515,0.56575515,0.68662365,0.98699541,-0.026362698,False
2003-12-01,2004-11-30,half Kelly,0.56575515,0.28287757,0.35322339,0.42364914,-0.013181349,False
2003-12-01,2004-11-30,fixed 0.50,0.56575515,0.5,0.61075824,0.84182741,-0.023298682,False
2003-12-01,2004-11-30,fixed 1.00,0.56575515,1,1.1652109,2.2065991,-0.046597364,False
2004-12-01,2005-11-29,full Kelly,0.68676168,0.68676168,0.50592958,0.65852653,-0.12141859,False
2004-12-01,2005-11-29,half Kelly,0.68676168,0.34338084,0.26408596,0.30224013,-0.061650832,False
2004-12-01,2005-11-29,fixed 0.50,0.68676168,0.5,0.37703358,0.45795327,-0.089145028,False
2004-12-01,2005-11-29,fixed 1.00,0.68676168,1,0.70868567,1.0313197,-0.17429747,False
2005-11-30,2006-11-29,full Kelly,2.2797517,2.2797517,0.49576353,0.6417513,-0.5168908,False
2005-11-30,2006-11-29,half Kelly,2.2797517,1.1398758,0.33011871,0.39113326,-0.27399453,False
2005-11-30,2006-11-29,fixed 0.50,2.2797517,0.5,0.16575201,0.18028037,-0.1223587,False
2005-11-30,2006-11-29,fixed 1.00,2.2797517,1,0.29863529,0.3480179,-0.24155739,False
2006-11-30,2007-11-30,full Kelly,3.1029775,3.1029775,1.8217785,5.182845,-0.12627513,False
2006-11-30,2007-11-30,half Kelly,3.1029775,1.5514887,1.0190076,1.7704441,-0.063137565,False
2006-11-30,2007-11-30,fixed 0.50,3.1029775,0.5,0.35709288,0.4291686,-0.020347413,False
2006-11-30,2007-11-30,fixed 1.00,3.1029775,1,0.68560248,0.98496738,-0.040694827,False
2007-12-03,2008-12-01,full Kelly,4.7991403,4.7991403,,,-1,True
2007-12-03,2008-12-01,half Kelly,4.7991403,2.3995702,-3.2047311,-0.95943019,-0.96521156,False
2007-12-03,2008-12-01,fixed 0.50,4.7991403,0.5,-0.30073812,-0.25972839,-0.28598754,False
2007-12-03,2008-12-01,fixed 1.00,4.7991403,1,-0.71736543,-0.51196367,-0.54357427,False
2008-12-02,2009-12-01,full Kelly,2.7932774,2.7932774,1.9734136,6.1951962,-0.018966204,False
2008-12-02,2009-12-01,half Kelly,2.7932774,1.3966387,1.0796592,1.9436761,-0.0094831021,False
2008-12-02,2009-12-01,fixed 0.50,2.7932774,0.5,0.41290538,0.51120203,-0.0033949733,False
2008-12-02,2009-12-01,fixed 1.00,2.7932774,1,0.79520228,1.214889,-0.0067899467,False
2009-12-02,2010-12-01,full Kelly,2.4507419,2.4507419,1.0487892,1.8541932,-0.17293529,False
2009-12-02,2010-12-01,half Kelly,2.4507419,1.2253709,0.57159229,0.77108488,-0.086467647,False
2009-12-02,2010-12-01,fixed 0.50,2.4507419,0.5,0.24555966,0.27833655,-0.035282234,False
2009-12-02,2010-12-01,fixed 1.00,2.4507419,1,0.47395563,0.60633571,-0.070564467,False
2010-12-02,2011-11-30,full Kelly,2.351495,2.351495,0.39835676,0.48937528,-0.13117457,False
2010-12-02,2011-11-30,half Kelly,2.351495,1.1757475,0.21901016,0.24484393,-0.065587287,False
2010-12-02,2011-11-30,fixed 0.50,2.351495,0.5,0.098377274,0.10337898,-0.02789174,False
2010-12-02,2011-11-30,fixed 1.00,2.351495,1,0.18893671,0.2079645,-0.05578348,False
2011-12-01,2012-12-03,full Kelly,2.3972968,2.3972968,0.9067579,1.4762812,-0.26438377,False
2011-12-01,2012-12-03,half Kelly,2.3972968,1.1986484,0.51269406,0.66978364,-0.13495939,False
2011-12-01,2012-12-03,fixed 0.50,2.3972968,0.5,0.22985764,0.25842084,-0.056974844,False
2011-12-01,2012-12-03,fixed 1.00,2.3972968,1,0.43654126,0.54734608,-0.11297791,False
2012-12-04,2013-12-03,full Kelly,2.2192054,2.2192054,-0.16204173,-0.14959428,-0.47462249,False
2012-12-04,2013-12-03,half Kelly,2.2192054,1.1096027,-0.016582841,-0.016446103,-0.24404358,False
2012-12-04,2013-12-03,fixed 0.50,2.2192054,0.5,0.0068502486,0.0068737652,-0.11100221,False
2012-12-04,2013-12-03,fixed 1.00,2.2192054,1,-0.0096743515,-0.0096277055,-0.22038042,False
2013-12-04,2014-12-03,full Kelly,4.7714774,4.7714774,1.4729374,3.3620294,-0.28391842,False
2013-12-04,2014-12-03,half Kelly,4.7714774,2.3857387,0.83996043,1.3162753,-0.14195921,False
2013-12-04,2014-12-03,fixed 0.50,4.7714774,0.5,0.19583771,0.21632949,-0.029751626,False
2013-12-04,2014-12-03,fixed 1.00,4.7714774,1,0.38056395,0.46310948,-0.059503251,False
2014-12-04,2015-12-03,full Kelly,4.6305524,4.6305524,-0.36350747,-0.30476647,-0.54609371,False
2014-12-04,2015-12-03,half Kelly,4.6305524,2.3152762,-0.049266734,-0.048072816,-0.30246141,False
2014-12-04,2015-12-03,fixed 0.50,4.6305524,0.5,0.011468533,0.011534549,-0.070576338,False
2014-12-04,2015-12-03,fixed 1.00,4.6305524,1,0.010577853,0.010633996,-0.13820768,False
2015-12-04,2016-12-02,full Kelly,3.3738342,3.3738342,-0.43833316,-0.35488918,-0.52153029,False
2015-12-04,2016-12-02,half Kelly,3.3738342,1.6869171,-0.087231489,-0.08353508,-0.26076515,False
2015-12-04,2016-12-02,fixed 0.50,3.3738342,0.5,-0.0033847019,-0.0033789803,-0.077290444,False
2015-12-04,2016-12-02,fixed 1.00,3.3738342,1,-0.025093618,-0.02478139,-0.15458089,False
2016-12-05,2017-12-04,full Kelly,2.8135694,2.8135694,1.1446807,2.141438,-0.21349957,False
2016-12-05,2017-12-04,half Kelly,2.8135694,1.4067847,0.61994318,0.85882242,-0.10674979,False
2016-12-05,2017-12-04,fixed 0.50,2.8135694,0.5,0.2320531,0.26118669,-0.037941053,False
2016-12-05,2017-12-04,fixed 1.00,2.8135694,1,0.4510034,0.56988662,-0.075882107,False
2017-12-05,2018-12-04,full Kelly,3.2187375,3.2187375,-0.17527024,-0.1607698,-0.62211315,False
2017-12-05,2018-12-04,half Kelly,3.2187375,1.6093687,0.042894181,0.043827433,-0.34494183,False
2017-12-05,2018-12-04,fixed 0.50,3.2187375,0.5,0.038601436,0.039356151,-0.11442362,False
2017-12-05,2018-12-04,fixed 1.00,3.2187375,1,0.054677193,0.056199611,-0.22230585,False
2018-12-06,2019-12-05,full Kelly,3.6492935,3.6492935,0.97140455,1.6416522,-0.21614692,False
2018-12-06,2019-12-05,half Kelly,3.6492935,1.8246467,0.68722911,0.98819881,-0.10807346,False
2018-12-06,2019-12-05,fixed 0.50,3.6492935,0.5,0.22531598,0.25271849,-0.029614899,False
2018-12-06,2019-12-05,fixed 1.00,3.6492935,1,0.42243255,0.52566831,-0.059229799,False
